{"cameraMode":{"drawMode":0,"name":"Shaded","section":"Shading Mode"},"sceneLighting":false,"audioPlay":false,"sceneViewState":{"m_AlwaysRefresh":false,"showFog":true,"showSkybox":false,"showFlares":true,"showImageEffects":true,"showParticleSystems":true,"showVisualEffectGraphs":true,"m_FxEnabled":true},"in2DMode":false,"pivot":{"x":-0.40425586700439455,"y":-0.28505897521972659,"z":1.4561548233032227},"rotation":{"x":-0.17494195699691773,"y":0.5802249908447266,"z":-0.12932923436164857,"w":-0.7848628163337708},"size":0.8894156813621521,"orthographic":false}