{"cameraMode":{"drawMode":0,"name":"Shaded","section":"Shading Mode"},"sceneLighting":true,"audioPlay":false,"sceneViewState":{"m_AlwaysRefresh":false,"showFog":true,"showSkybox":true,"showFlares":true,"showImageEffects":true,"showParticleSystems":true,"showVisualEffectGraphs":true,"m_FxEnabled":true},"in2DMode":false,"pivot":{"x":-0.16297054290771485,"y":0.7688608765602112,"z":0.6394094228744507},"rotation":{"x":0.14580075442790986,"y":-0.21684257686138154,"z":0.03277360275387764,"w":0.9647032022476196},"size":1.4888148307800294,"orthographic":true}